product_category,return_rate
Clothing,0.5245
Electronics,0.5093198992443325
Books,0.5066144047035767
Toys,0.49537037037037035
Home,0.49014778325123154
